SESSION,RESERVATIONS_2022,RESERVATIONS_2021,RESERVATIONS_2020,RESERVATIONS_2019,RESERVATIONS_2018,RESERVATIONS_2017,RESERVATIONS_2016,RESERVATIONS_2015,RESERVATIONS_2014,RESERVATIONS_2013,RESERVATIONS_2012,RESERVATIONS_2011,RESERVATIONS_2010,RESERVATIONS_2009,RESERVATIONS_2008,RESERVATIONS_2007,RESERVATIONS_2006,RESERVATIONS_2005,NOSHOW_2022,NOSHOW_2021,NOSHOW_2020,NOSHOW_2019,NOSHOW_2018,NOSHOW_2017,NOSHOW_2016,NOSHOW_2015,NOSHOW_2014,NOSHOW_2013,NOSHOW_2012,NOSHOW_2011,NOSHOW_2010,NOSHOW_2009,NOSHOW_2008,NOSHOW_2007,NOSHOW_2006,NOSHOW_2005,PERCENTSHOW_2022,PERCENTSHOW_2021,PERCENTSHOW_2020,PERCENTSHOW_2019,PERCENTSHOW_2018,PERCENTSHOW_2017,PERCENTSHOW_2016,PERCENTSHOW_2015,PERCENTSHOW_2014,PERCENTSHOW_2013,PERCENTSHOW_2012,PERCENTSHOW_2011,PERCENTSHOW_2010,PERCENTSHOW_2009,PERCENTSHOW_2008,PERCENTSHOW_2007,PERCENTSHOW_2006,PERCENTSHOW_2005,ATTENDED_2022,ATTENDED_2021,ATTENDED_2020,ATTENDED_2019,ATTENDED_2018,ATTENDED_2017,ATTENDED_2016,ATTENDED_2015,ATTENDED_2014,ATTENDED_2013,ATTENDED_2012,ATTENDED_2011,ATTENDED_2010,ATTENDED_2009,ATTENDED_2008,ATTENDED_2007,ATTENDED_2006,ATTENDED_2005,CUMULATIVE_2022,CUMULATIVE_2021,CUMULATIVE_2020,CUMULATIVE_2019,CUMULATIVE_2018,CUMULATIVE_2017,CUMULATIVE_2016,CUMULATIVE_2015,CUMULATIVE_2014,CUMULATIVE_2013,CUMULATIVE_2012,CUMULATIVE_2011,CUMULATIVE_2010,CUMULATIVE_2009,CUMULATIVE_2008,CUMULATIVE_2007,CUMULATIVE_2006,CUMULATIVE_2005
1,123.0,119.0,117.0,121.0,124.0,123.0,122.0,110.0,113.0,97.0,102,106.0,102.0,90.0,96.0,92,89,86,7.0,2.0,1,4.0,0.0,1.0,0.0,1.0,2.0,2.0,6.0,5.0,0.0,2.0,3.0,0,2.0,1.0,0.056910569105691054,0.01680672268907563,0.008547008547008548,0.03305785123966942,0.0,0.008130081300813009,0.0,0.00909090909090909,0.017699115044247787,0.020618556701030927,0.058823529411764705,0.04716981132075472,0.0,0.022222222222222223,0.03125,0.0,0.021739130434782608,0.011627906976744186,116.0,117.0,116.0,117.0,124.0,122.0,122.0,109.0,111.0,95.0,96.0,101.0,102.0,88.0,93,92.0,87.0,85.0,116.0,117.0,116.0,117.0,124.0,122.0,122.0,109.0,111.0,95.0,96.0,101.0,102.0,88.0,93.0,92.0,87.0,85.0
2,118.0,112.0,108.0,123.0,123.0,120.0,120.0,107.0,114.0,102.0,106,105.0,101.0,96.0,98.0,98,89,85,6.0,6.0,1,1.0,0.0,4.0,4.0,0.0,3.0,1.0,2.0,3.0,2.0,0.0,2.0,6,1.0,3.0,0.05084745762711865,0.05357142857142857,0.009259259259259259,0.008130081300813009,0.0,0.03333333333333333,0.03333333333333333,0.0,0.02631578947368421,0.00980392156862745,0.018867924528301886,0.02857142857142857,0.019801980198019802,0.0,0.02040816326530612,0.061224489795918366,0.01020408163265306,0.03529411764705882,112.0,106.0,107.0,122.0,123.0,116.0,116.0,107.0,111.0,101.0,104.0,102.0,99.0,96.0,96,92.0,88.0,82.0,228.0,223.0,223.0,239.0,247.0,238.0,238.0,216.0,222.0,196.0,200.0,203.0,201.0,184.0,189.0,184.0,175.0,167.0
3,114.0,116.0,62.0,125.0,125.0,124.0,125.0,104.0,112.0,104.0,104,105.0,101.0,99.0,96.0,94,92,86,7.0,3.0,0,1.0,1.0,4.0,0.0,4.0,3.0,3.0,3.0,2.0,1.0,0.0,1.0,1,2.0,3.0,0.06140350877192982,0.02586206896551724,0.0,0.008,0.008,0.03225806451612903,0.0,0.038461538461538464,0.026785714285714284,0.028846153846153848,0.028846153846153848,0.01904761904761905,0.009900990099009901,0.0,0.010416666666666666,0.010638297872340425,0.02127659574468085,0.03488372093023256,107.0,113.0,62.0,124.0,124.0,120.0,125.0,100.0,109.0,101.0,101.0,103.0,100.0,99.0,95,93.0,90.0,83.0,335.0,336.0,285.0,363.0,371.0,358.0,363.0,316.0,331.0,297.0,301.0,306.0,301.0,283.0,284.0,277.0,265.0,250.0
4,114.0,114.0,130.0,123.0,124.0,125.0,124.0,110.0,113.0,105.0,104,105.0,99.0,97.0,93.0,95,92,86,5.0,4.0,4,2.0,3.0,4.0,0.0,3.0,3.0,4.0,1.0,1.0,3.0,1.0,3.0,4,1.0,1.0,0.043859649122807015,0.03508771929824561,0.03076923076923077,0.016260162601626018,0.024193548387096774,0.032,0.0,0.02727272727272727,0.02654867256637168,0.0380952380952381,0.009615384615384616,0.009523809523809525,0.030303030303030304,0.010309278350515464,0.03225806451612903,0.042105263157894736,0.010526315789473684,0.011627906976744186,109.0,110.0,126.0,121.0,121.0,121.0,124.0,107.0,110.0,101.0,103.0,104.0,96.0,96.0,90,91.0,91.0,85.0,444.0,446.0,411.0,484.0,492.0,479.0,487.0,423.0,441.0,398.0,404.0,410.0,397.0,379.0,374.0,368.0,356.0,335.0
5,115.0,114.0,122.0,125.0,120.0,127.0,124.0,109.0,111.0,106.0,103,103.0,101.0,98.0,97.0,90,92,81,7.0,5.0,3,2.0,2.0,0.0,2.0,4.0,4.0,4.0,3.0,3.0,2.0,3.0,1.0,2,1.0,1.0,0.06086956521739131,0.043859649122807015,0.02459016393442623,0.016,0.016666666666666666,0.0,0.016129032258064516,0.03669724770642202,0.036036036036036036,0.03773584905660377,0.02912621359223301,0.02912621359223301,0.019801980198019802,0.030612244897959183,0.010309278350515464,0.022222222222222223,0.011111111111111112,0.012345679012345678,108.0,109.0,119.0,123.0,118.0,127.0,122.0,105.0,107.0,102.0,100.0,100.0,99.0,95.0,96,88.0,91.0,80.0,552.0,555.0,530.0,607.0,610.0,606.0,609.0,528.0,548.0,500.0,504.0,510.0,496.0,474.0,470.0,456.0,447.0,415.0
6,115.0,113.0,115.0,123.0,124.0,123.0,122.0,108.0,113.0,103.0,101,102.0,100.0,99.0,96.0,95,92,90,3.0,4.0,1,2.0,7.0,0.0,5.0,5.0,3.0,1.0,1.0,3.0,1.0,5.0,3.0,2,2.0,2.0,0.02608695652173913,0.035398230088495575,0.008695652173913044,0.016260162601626018,0.056451612903225805,0.0,0.040983606557377046,0.046296296296296294,0.02654867256637168,0.009708737864077669,0.009900990099009901,0.029411764705882353,0.01,0.050505050505050504,0.03125,0.021052631578947368,0.021052631578947368,0.022222222222222223,112.0,109.0,114.0,121.0,117.0,123.0,117.0,103.0,110.0,102.0,100.0,99.0,99.0,94.0,93,93.0,90.0,88.0,664.0,664.0,644.0,728.0,727.0,729.0,726.0,631.0,658.0,602.0,604.0,609.0,595.0,568.0,563.0,549.0,537.0,503.0
7,116.0,116.0,112.0,123.0,123.0,120.0,121.0,107.0,113.0,103.0,107,108.0,102.0,101.0,104.0,93,92,82,11.0,5.0,0,2.0,1.0,0.0,2.0,2.0,0.0,1.0,0.0,1.0,0.0,0.0,3.0,2,4.0,2.0,0.09482758620689655,0.04310344827586207,0.0,0.016260162601626018,0.008130081300813009,0.0,0.01652892561983471,0.018691588785046728,0.0,0.009708737864077669,0.0,0.009259259259259259,0.0,0.0,0.028846153846153848,0.021505376344086023,0.043010752688172046,0.024390243902439025,105.0,111.0,112.0,121.0,122.0,120.0,119.0,105.0,113.0,102.0,107.0,107.0,102.0,101.0,101,91.0,88.0,80.0,769.0,775.0,756.0,849.0,849.0,849.0,845.0,736.0,771.0,704.0,711.0,716.0,697.0,669.0,664.0,640.0,625.0,583.0
8,117.0,111.0,128.0,121.0,125.0,119.0,123.0,108.0,108.0,101.0,102,104.0,94.0,96.0,90.0,98,91,86,9.0,4.0,2,2.0,2.0,1.0,3.0,0.0,1.0,3.0,1.0,1.0,4.0,3.0,7.0,3,0.0,2.0,0.07692307692307693,0.036036036036036036,0.015625,0.01652892561983471,0.016,0.008403361344537815,0.024390243902439025,0.0,0.009259259259259259,0.0297029702970297,0.00980392156862745,0.009615384615384616,0.0425531914893617,0.03125,0.07777777777777778,0.030612244897959183,0,0.023255813953488372,108.0,107.0,126.0,119.0,123.0,118.0,120.0,108.0,107.0,98.0,101.0,103.0,90.0,93.0,83,95.0,91.0,84.0,877.0,882.0,882.0,968.0,972.0,967.0,965.0,844.0,878.0,802.0,812.0,819.0,787.0,762.0,747.0,735.0,716.0,667.0
9,122.0,117.0,52.0,123.0,125.0,124.0,124.0,111.0,111.0,102.0,102,101.0,97.0,98.0,98.0,94,90,81,4.0,4.0,1,5.0,0.0,3.0,4.0,1.0,6.0,0.0,2.0,6.0,5.0,5.0,5.0,4,6.0,1.0,0.03278688524590164,0.03418803418803419,0.019230769230769232,0.04065040650406504,0.0,0.024193548387096774,0.03225806451612903,0.009009009009009009,0.05405405405405406,0.0,0.0196078431372549,0.0594059405940594,0.05154639175257732,0.05102040816326531,0.05102040816326531,0.0425531914893617,0.06382978723404255,0.012345679012345678,118.0,113.0,51.0,118.0,125.0,121.0,120.0,110.0,105.0,102.0,100.0,95.0,92.0,93.0,93,90.0,84.0,80.0,995.0,995.0,933.0,1086.0,1097.0,1088.0,1085.0,954.0,983.0,904.0,912.0,914.0,879.0,855.0,840.0,825.0,800.0,747.0
10,116.0,113.0,109.0,121.0,120.0,121.0,122.0,107.0,112.0,102.0,104,102.0,102.0,97.0,95.0,96,91,84,5.0,3.0,0,1.0,2.0,5.0,4.0,2.0,7.0,2.0,3.0,2.0,4.0,1.0,3.0,6,4.0,1.0,0.04310344827586207,0.02654867256637168,0.0,0.008264462809917356,0.016666666666666666,0.04132231404958678,0.03278688524590164,0.018691588785046728,0.0625,0.0196078431372549,0.028846153846153848,0.0196078431372549,0.0392156862745098,0.010309278350515464,0.031578947368421054,0.0625,0.041666666666666664,0.011904761904761904,111.0,110.0,109.0,120.0,118.0,116.0,118.0,105.0,105.0,100.0,101.0,100.0,98.0,96.0,92,90.0,87.0,83.0,1106.0,1105.0,1042.0,1206.0,1215.0,1204.0,1203.0,1059.0,1088.0,1004.0,1013.0,1014.0,977.0,951.0,932.0,915.0,887.0,830.0
11,120.0,114.0,104.0,117.0,119.0,125.0,121.0,109.0,113.0,106.0,106,104.0,99.0,101.0,98.0,95,97,91,4.0,8.0,3,3.0,2.0,1.0,4.0,3.0,0.0,3.0,1.0,4.0,5.0,2.0,2.0,3,5.0,2.0,0.03333333333333333,0.07017543859649122,0.028846153846153848,0.02564102564102564,0.01680672268907563,0.008,0.03305785123966942,0.027522935779816515,0.0,0.02830188679245283,0.009433962264150943,0.038461538461538464,0.050505050505050504,0.019801980198019802,0.02040816326530612,0.031578947368421054,0.05263157894736842,0.02197802197802198,116.0,106.0,101.0,114.0,117.0,124.0,117.0,106.0,113.0,103.0,105.0,100.0,94.0,99.0,96,92.0,92.0,89.0,1222.0,1211.0,1143.0,1320.0,1332.0,1328.0,1320.0,1165.0,1201.0,1107.0,1118.0,1114.0,1071.0,1050.0,1028.0,1007.0,979.0,919.0
12,115.0,117.0,115.0,123.0,123.0,120.0,121.0,112.0,112.0,106.0,106,100.0,103.0,100.0,101.0,97,91,86,5.0,6.0,0,2.0,3.0,8.0,4.0,1.0,4.0,5.0,1.0,3.0,4.0,3.0,2.0,4,1.0,1.0,0.043478260869565216,0.05128205128205128,0.0,0.016260162601626018,0.024390243902439025,0.06666666666666667,0.03305785123966942,0.008928571428571428,0.03571428571428571,0.04716981132075472,0.009433962264150943,0.03,0.038834951456310676,0.03,0.019801980198019802,0.041237113402061855,0.010309278350515464,0.011627906976744186,110.0,111.0,115.0,121.0,120.0,112.0,117.0,111.0,108.0,101.0,105.0,97.0,99.0,97.0,99,93.0,90.0,85.0,1332.0,1322.0,1258.0,1441.0,1452.0,1440.0,1437.0,1276.0,1309.0,1208.0,1223.0,1211.0,1170.0,1147.0,1127.0,1100.0,1069.0,1004.0
13,117.0,115.0,105.0,122.0,121.0,120.0,123.0,113.0,112.0,100.0,106,104.0,104.0,103.0,99.0,93,96,85,2.0,3.0,2,2.0,2.0,4.0,5.0,1.0,4.0,0.0,5.0,4.0,1.0,3.0,7.0,3,3.0,4.0,0.017094017094017096,0.02608695652173913,0.01904761904761905,0.01639344262295082,0.01652892561983471,0.03333333333333333,0.04065040650406504,0.008849557522123894,0.03571428571428571,0.0,0.04716981132075472,0.038461538461538464,0.009615384615384616,0.02912621359223301,0.0707070707070707,0.03225806451612903,0.03225806451612903,0.047058823529411764,115.0,112.0,103.0,120.0,119.0,116.0,118.0,112.0,108.0,100.0,101.0,100.0,103.0,100.0,92,90.0,93.0,81.0,1447.0,1434.0,1361.0,1561.0,1571.0,1556.0,1555.0,1388.0,1417.0,1308.0,1324.0,1311.0,1273.0,1247.0,1219.0,1190.0,1162.0,1085.0
14,118.0,113.0,96.0,125.0,121.0,120.0,123.0,109.0,114.0,107.0,107,106.0,101.0,100.0,99.0,93,93,88,7.0,4.0,2,2.0,2.0,3.0,4.0,4.0,4.0,2.0,2.0,4.0,0.0,4.0,5.0,1,1.0,2.0,0.059322033898305086,0.035398230088495575,0.020833333333333332,0.016,0.01652892561983471,0.025,0.032520325203252036,0.03669724770642202,0.03508771929824561,0.018691588785046728,0.018691588785046728,0.03773584905660377,0.0,0.04,0.050505050505050504,0.010752688172043012,0.010752688172043012,0.022727272727272728,111.0,109.0,94.0,123.0,119.0,117.0,119.0,105.0,110.0,105.0,105.0,102.0,101.0,96.0,94,92.0,92.0,86.0,1558.0,1543.0,1455.0,1684.0,1690.0,1673.0,1674.0,1493.0,1527.0,1413.0,1429.0,1413.0,1374.0,1343.0,1313.0,1282.0,1254.0,1171.0
15,118.0,114.0,125.0,123.0,123.0,124.0,123.0,109.0,116.0,104.0,104,106.0,101.0,100.0,101.0,95,93,89,5.0,4.0,5,5.0,2.0,5.0,0.0,0.0,1.0,1.0,2.0,2.0,3.0,7.0,3.0,5,1.0,1.0,0.0423728813559322,0.03508771929824561,0.04,0.04065040650406504,0.016260162601626018,0.04032258064516129,0.0,0.0,0.008620689655172414,0.009615384615384616,0.019230769230769232,0.018867924528301886,0.0297029702970297,0.07,0.0297029702970297,0.05263157894736842,0.010526315789473684,0.011235955056179775,113.0,110.0,120.0,118.0,121.0,119.0,123.0,109.0,115.0,103.0,102.0,104.0,98.0,93.0,98,90.0,92.0,88.0,1671.0,1653.0,1575.0,1802.0,1811.0,1792.0,1797.0,1602.0,1642.0,1516.0,1531.0,1517.0,1472.0,1436.0,1411.0,1372.0,1346.0,1259.0
16,123.0,116.0,104.0,125.0,123.0,123.0,124.0,112.0,113.0,102.0,105,103.0,103.0,102.0,101.0,99,88,92,7.0,10.0,2,4.0,3.0,1.0,3.0,6.0,0.0,2.0,3.0,2.0,0.0,5.0,3.0,6,4.0,1.0,0.056910569105691054,0.08620689655172414,0.019230769230769232,0.032,0.024390243902439025,0.008130081300813009,0.024193548387096774,0.05357142857142857,0.0,0.0196078431372549,0.02857142857142857,0.019417475728155338,0.0,0.049019607843137254,0.0297029702970297,0.06060606060606061,0.04040404040404041,0.010869565217391304,116.0,106.0,102.0,121.0,120.0,122.0,121.0,106.0,113.0,100.0,102.0,101.0,103.0,97.0,98,93.0,84.0,91.0,1787.0,1759.0,1677.0,1923.0,1931.0,1914.0,1918.0,1708.0,1755.0,1616.0,1633.0,1618.0,1575.0,1533.0,1509.0,1465.0,1430.0,1350.0
17,116.0,121.0,67.0,119.0,126.0,123.0,123.0,110.0,114.0,101.0,105,104.0,100.0,97.0,101.0,94,89,92,3.0,4.0,3,3.0,3.0,1.0,5.0,3.0,4.0,3.0,2.0,1.0,3.0,2.0,2.0,4,4.0,1.0,0.02586206896551724,0.03305785123966942,0.04477611940298507,0.025210084033613446,0.023809523809523808,0.008130081300813009,0.04065040650406504,0.02727272727272727,0.03508771929824561,0.0297029702970297,0.01904761904761905,0.009615384615384616,0.03,0.020618556701030927,0.019801980198019802,0.0425531914893617,0.0425531914893617,0.010869565217391304,113.0,117.0,64.0,116.0,123.0,122.0,118.0,107.0,110.0,98.0,103.0,103.0,97.0,95.0,99,90.0,85.0,91.0,1900.0,1876.0,1741.0,2039.0,2054.0,2036.0,2036.0,1815.0,1865.0,1714.0,1736.0,1721.0,1672.0,1628.0,1608.0,1555.0,1515.0,1441.0
18,114.0,120.0,113.0,126.0,125.0,124.0,125.0,111.0,114.0,107.0,106,108.0,105.0,103.0,102.0,96,96,91,4.0,3.0,3,0.0,2.0,3.0,0.0,3.0,1.0,7.0,4.0,2.0,1.0,5.0,5.0,2,9.0,0.0,0.03508771929824561,0.025,0.02654867256637168,0.0,0.016,0.024193548387096774,0.0,0.02702702702702703,0.008771929824561403,0.06542056074766354,0.03773584905660377,0.018518518518518517,0.009523809523809525,0.04854368932038835,0.049019607843137254,0.020833333333333332,0.09375,0,110.0,117.0,110.0,126.0,123.0,121.0,125.0,108.0,113.0,100.0,102.0,106.0,104.0,98.0,97,94.0,87.0,91.0,2010.0,1993.0,1851.0,2165.0,2177.0,2157.0,2161.0,1923.0,1978.0,1814.0,1838.0,1827.0,1776.0,1726.0,1705.0,1649.0,1602.0,1532.0
19,114.0,119.0,110.0,125.0,123.0,124.0,123.0,110.0,113.0,105.0,101,107.0,106.0,106.0,104.0,97,97,90,1.0,2.0,2,1.0,5.0,2.0,2.0,2.0,5.0,2.0,3.0,5.0,1.0,4.0,2.0,0,5.0,1.0,0.008771929824561403,0.01680672268907563,0.01818181818181818,0.008,0.04065040650406504,0.016129032258064516,0.016260162601626018,0.01818181818181818,0.04424778761061947,0.01904761904761905,0.0297029702970297,0.04672897196261682,0.009433962264150943,0.03773584905660377,0.019230769230769232,0.0,0.05154639175257732,0.011111111111111112,113.0,117.0,108.0,124.0,118.0,122.0,121.0,108.0,108.0,103.0,98.0,102.0,105.0,102.0,102,97.0,92.0,89.0,2123.0,2110.0,1959.0,2289.0,2295.0,2279.0,2282.0,2031.0,2086.0,1917.0,1936.0,1929.0,1881.0,1828.0,1807.0,1746.0,1694.0,1621.0
20,121.0,113.0,107.0,125.0,123.0,128.0,124.0,114.0,113.0,106.0,108,108.0,105.0,101.0,105.0,96,98,94,2.0,2.0,2,2.0,4.0,3.0,1.0,5.0,5.0,2.0,0.0,4.0,1.0,1.0,5.0,2,3.0,2.0,0.01652892561983471,0.017699115044247787,0.018691588785046728,0.016,0.032520325203252036,0.0234375,0.008064516129032258,0.043859649122807015,0.04424778761061947,0.018867924528301886,0.0,0.037037037037037035,0.009523809523809525,0.009900990099009901,0.047619047619047616,0.020833333333333332,0.03125,0.02127659574468085,119.0,111.0,105.0,123.0,119.0,125.0,123.0,109.0,108.0,104.0,108.0,104.0,104.0,100.0,100,94.0,95.0,92.0,2242.0,2221.0,2064.0,2412.0,2414.0,2404.0,2405.0,2140.0,2194.0,2021.0,2044.0,2033.0,1985.0,1928.0,1907.0,1840.0,1789.0,1713.0
21,93.0,115.0,100.0,124.0,124.0,122.0,123.0,114.0,114.0,106.0,105,107.0,104.0,103.0,105.0,95,97,91,9.0,5.0,4,3.0,4.0,1.0,0.0,4.0,4.0,0.0,1.0,5.0,3.0,3.0,3.0,3,7.0,4.0,0.0967741935483871,0.043478260869565216,0.04,0.024193548387096774,0.03225806451612903,0.00819672131147541,0.0,0.03508771929824561,0.03508771929824561,0.0,0.009523809523809525,0.04672897196261682,0.028846153846153848,0.02912621359223301,0.02857142857142857,0.031578947368421054,0.07368421052631578,0.04395604395604396,84.0,110.0,96.0,121.0,120.0,121.0,123.0,110.0,110.0,106.0,104.0,102.0,101.0,100.0,102,92.0,90.0,87.0,2326.0,2331.0,2160.0,2533.0,2534.0,2525.0,2528.0,2250.0,2304.0,2127.0,2148.0,2135.0,2086.0,2028.0,2009.0,1932.0,1879.0,1800.0
22,108.0,121.0,54.0,125.0,126.0,125.0,122.0,113.0,115.0,109.0,105,108.0,107.0,105.0,107.0,97,98,93,6.0,4.0,0,2.0,3.0,3.0,3.0,5.0,3.0,3.0,1.0,3.0,1.0,1.0,1.0,1,5.0,0.0,0.05555555555555555,0.03305785123966942,0.0,0.016,0.023809523809523808,0.024,0.02459016393442623,0.04424778761061947,0.02608695652173913,0.027522935779816515,0.009523809523809525,0.027777777777777776,0.009345794392523364,0.009523809523809525,0.009345794392523364,0.010309278350515464,0.05154639175257732,0,102.0,117.0,54.0,123.0,123.0,122.0,119.0,108.0,112.0,106.0,104.0,105.0,106.0,104.0,106,96.0,93.0,93.0,2428.0,2448.0,2214.0,2656.0,2657.0,2647.0,2647.0,2358.0,2416.0,2233.0,2252.0,2240.0,2192.0,2132.0,2115.0,2028.0,1972.0,1893.0
23,122.0,123.0,112.0,122.0,126.0,125.0,125.0,115.0,115.0,109.0,106,103.0,105.0,106.0,105.0,94,101,92,11.0,10.0,0,3.0,0.0,5.0,4.0,3.0,3.0,3.0,2.0,3.0,5.0,3.0,2.0,12,7.0,5.0,0.09016393442622951,0.08130081300813008,0.0,0.02459016393442623,0.0,0.04,0.032,0.02608695652173913,0.02608695652173913,0.027522935779816515,0.018867924528301886,0.02912621359223301,0.047619047619047616,0.02830188679245283,0.01904761904761905,0.11428571428571428,0.07446808510638298,0.05434782608695652,111.0,113.0,112.0,119.0,126.0,120.0,121.0,112.0,112.0,106.0,104.0,100.0,100.0,103.0,103,82.0,94.0,87.0,2539.0,2561.0,2326.0,2775.0,2783.0,2767.0,2768.0,2470.0,2528.0,2339.0,2356.0,2340.0,2292.0,2235.0,2218.0,2110.0,2066.0,1980.0
24,123.0,115.0,111.0,123.0,122.0,126.0,125.0,110.0,114.0,107.0,105,107.0,102.0,104.0,107.0,97,99,93,11.0,6.0,1,4.0,2.0,8.0,8.0,3.0,6.0,1.0,1.0,1.0,3.0,4.0,4.0,3,2.0,5.0,0.08943089430894309,0.05217391304347826,0.009009009009009009,0.032520325203252036,0.01639344262295082,0.06349206349206349,0.064,0.02727272727272727,0.05263157894736842,0.009345794392523364,0.009523809523809525,0.009345794392523364,0.029411764705882353,0.038461538461538464,0.037383177570093455,0.028037383177570093,0.020618556701030927,0.053763440860215055,112.0,109.0,110.0,119.0,120.0,118.0,117.0,107.0,108.0,106.0,104.0,106.0,99.0,100.0,103,94.0,97.0,88.0,2651.0,2670.0,2436.0,2894.0,2903.0,2885.0,2885.0,2577.0,2636.0,2445.0,2460.0,2446.0,2391.0,2335.0,2321.0,2204.0,2163.0,2068.0
25,121.0,111.0,74.0,120.0,126.0,118.0,124.0,113.0,110.0,108.0,107,103.0,101.0,103.0,105.0,94,96,94,14.0,8.0,1,2.0,3.0,5.0,4.0,2.0,0.0,9.0,3.0,2.0,4.0,1.0,4.0,6,4.0,0.0,0.11570247933884298,0.07207207207207207,0.013513513513513514,0.016666666666666666,0.023809523809523808,0.0423728813559322,0.03225806451612903,0.017699115044247787,0.0,0.08333333333333333,0.028037383177570093,0.019417475728155338,0.039603960396039604,0.009708737864077669,0.0380952380952381,0.05714285714285714,0.0425531914893617,0,107.0,103.0,73.0,118.0,123.0,113.0,120.0,111.0,110.0,99.0,104.0,101.0,97.0,102.0,101,88.0,92.0,94.0,2758.0,2773.0,2509.0,3012.0,3026.0,2998.0,3005.0,2688.0,2746.0,2544.0,2564.0,2547.0,2488.0,2437.0,2422.0,2292.0,2255.0,2162.0
26,121.0,115.0,117.0,119.0,123.0,123.0,124.0,112.0,111.0,111.0,105,107.0,99.0,102.0,113.0,102,103,95,12.0,4.0,3,1.0,7.0,4.0,6.0,4.0,4.0,5.0,2.0,3.0,4.0,5.0,3.0,0,2.0,0.0,0.09917355371900827,0.034782608695652174,0.02564102564102564,0.008403361344537815,0.056910569105691054,0.032520325203252036,0.04838709677419355,0.03571428571428571,0.036036036036036036,0.04504504504504504,0.01904761904761905,0.028037383177570093,0.04040404040404041,0.04854368932038835,0.02857142857142857,0.0,0.0196078431372549,0,109.0,111.0,114.0,118.0,116.0,119.0,118.0,108.0,107.0,106.0,103.0,104.0,95.0,97.0,110,102.0,101.0,95.0,2867.0,2884.0,2623.0,3130.0,3142.0,3117.0,3123.0,2796.0,2853.0,2650.0,2667.0,2651.0,2583.0,2534.0,2532.0,2394.0,2356.0,2257.0
27,94.0,97.0,56.0,98.0,98.0,99.0,107.0,113.0,113.0,110.0,107,106.0,106.0,103.0,105.0,94,101,90,4.0,6.0,1,5.0,0.0,5.0,9.0,3.0,1.0,5.0,1.0,1.0,5.0,7.0,4.0,3,2.0,2.0,0.0425531914893617,0.061855670103092786,0.017857142857142856,0.05102040816326531,0.0,0.050505050505050504,0.08411214953271028,0.02654867256637168,0.008849557522123894,0.045454545454545456,0.009345794392523364,0.009433962264150943,0.04716981132075472,0.06796116504854369,0.0380952380952381,0.02857142857142857,0.02127659574468085,0.022222222222222223,90.0,91.0,55.0,93.0,98.0,94.0,98.0,110.0,112.0,105.0,106.0,105.0,101.0,96.0,101,91.0,99.0,88.0,2957.0,3088.0,2678.0,3223.0,3240.0,3211.0,3221.0,2906.0,2965.0,2755.0,2773.0,2756.0,2684.0,2630.0,2633.0,2485.0,2455.0,2345.0
28,86.0,94.0,113.0,101.0,100.0,97.0,110.0,112.0,113.0,111.0,105,105.0,103.0,104.0,109.0,94,99,92,5.0,9.0,1,1.0,4.0,9.0,5.0,5.0,4.0,3.0,8.0,4.0,2.0,10.0,5.0,3,3.0,9.0,0.05813953488372093,0.09574468085106383,0.008849557522123894,0.009900990099009901,0.04,0.09278350515463918,0.045454545454545456,0.044642857142857144,0.035398230088495575,0.02702702702702703,0.0761904761904762,0.0380952380952381,0.019417475728155338,0.09615384615384616,0.045871559633027525,0.027522935779816515,0.031914893617021274,0.09782608695652174,81.0,85.0,112.0,100.0,96.0,88.0,105.0,107.0,109.0,108.0,97.0,101.0,101.0,94.0,104,91.0,96.0,83.0,3038.0,3173.0,2790.0,3323.0,3336.0,3299.0,3326.0,3013.0,3074.0,2863.0,2870.0,2857.0,2785.0,2724.0,2737.0,2576.0,2551.0,2428.0
29,91.0,91.0,114.0,99.0,100.0,92.0,109.0,112.0,112.0,110.0,106,107.0,101.0,106.0,108.0,96,98,92,7.0,4.0,2,3.0,2.0,4.0,5.0,5.0,3.0,7.0,5.0,8.0,2.0,4.0,4.0,3,1.0,2.0,0.07692307692307693,0.04395604395604396,0.017543859649122806,0.030303030303030304,0.02,0.043478260869565216,0.045871559633027525,0.044642857142857144,0.026785714285714284,0.06363636363636363,0.04716981132075472,0.07476635514018691,0.019801980198019802,0.03773584905660377,0.037037037037037035,0.03125,0.010416666666666666,0.021739130434782608,84.0,87.0,112.0,96.0,98.0,88.0,104.0,107.0,109.0,103.0,101.0,99.0,99.0,102.0,104,93.0,97.0,90.0,3122.0,3260.0,2902.0,3419.0,3434.0,3387.0,3430.0,3120.0,3183.0,2966.0,2971.0,2956.0,2884.0,2826.0,2841.0,2669.0,2648.0,2518.0
30,188.0,96.0,111.0,99.0,97.0,82.0,109.0,110.0,111.0,104.0,108,104.0,100.0,105.0,106.0,96,98,94,28.0,5.0,4,6.0,2.0,4.0,5.0,3.0,5.0,3.0,8.0,4.0,3.0,10.0,2.0,3,4.0,0.0,0.14893617021276595,0.052083333333333336,0.036036036036036036,0.06060606060606061,0.020618556701030927,0.04878048780487805,0.045871559633027525,0.02727272727272727,0.04504504504504504,0.028846153846153848,0.07407407407407407,0.038461538461538464,0.03,0.09523809523809523,0.018867924528301886,0.03125,0.041666666666666664,0,160.0,91.0,107.0,93.0,95.0,78.0,104.0,107.0,106.0,101.0,100.0,100.0,97.0,95.0,104,93.0,94.0,94.0,3282.0,3351.0,3009.0,3512.0,3529.0,3465.0,3534.0,3227.0,3289.0,3067.0,3071.0,3056.0,2981.0,2921.0,2945.0,2762.0,2742.0,2612.0
31,98.0,92.0,59.0,100.0,97.0,100.0,107.0,109.0,115.0,111.0,105,101.0,94.0,102.0,107.0,95,98,93,17.0,9.0,0,1.0,4.0,4.0,7.0,3.0,8.0,5.0,1.0,3.0,2.0,4.0,5.0,4,4.0,5.0,0.17346938775510204,0.09782608695652174,0.0,0.01,0.041237113402061855,0.04,0.06542056074766354,0.027522935779816515,0.06956521739130435,0.04504504504504504,0.009523809523809525,0.0297029702970297,0.02127659574468085,0.0392156862745098,0.04672897196261682,0.042105263157894736,0.042105263157894736,0.053763440860215055,81.0,83.0,59.0,99.0,93.0,96.0,100.0,106.0,107.0,106.0,104.0,98.0,92.0,98.0,102,91.0,94.0,88.0,3363.0,3434.0,3068.0,3611.0,3622.0,3561.0,3634.0,3333.0,3396.0,3173.0,3175.0,3154.0,3073.0,3019.0,3047.0,2853.0,2836.0,2700.0
32,91.0,94.0,101.0,99.0,101.0,100.0,106.0,108.0,114.0,111.0,106,100.0,99.0,102.0,109.0,93,99,92,4.0,11.0,2,5.0,1.0,5.0,4.0,5.0,3.0,2.0,2.0,5.0,11.0,2.0,9.0,4,11.0,4.0,0.04395604395604396,0.11702127659574468,0.019801980198019802,0.050505050505050504,0.009900990099009901,0.05,0.03773584905660377,0.046296296296296294,0.02631578947368421,0.018018018018018018,0.018867924528301886,0.05,0.1111111111111111,0.0196078431372549,0.08256880733944955,0.043010752688172046,0.11827956989247312,0.043478260869565216,87.0,83.0,99.0,94.0,100.0,95.0,102.0,103.0,111.0,109.0,104.0,95.0,88.0,100.0,100,89.0,88.0,88.0,3450.0,3517.0,3167.0,3705.0,3722.0,3656.0,3736.0,3436.0,3507.0,3282.0,3279.0,3249.0,3161.0,3119.0,3147.0,2942.0,2924.0,2788.0
33,98.0,96.0,106.0,99.0,99.0,98.0,110.0,107.0,111.0,108.0,105,97.0,96.0,101.0,105.0,92,101,88,15.0,12.0,2,5.0,4.0,4.0,5.0,5.0,1.0,5.0,3.0,5.0,13.0,12.0,6.0,5,3.0,5.0,0.15306122448979592,0.125,0.018867924528301886,0.050505050505050504,0.04040404040404041,0.04081632653061224,0.045454545454545456,0.04672897196261682,0.009009009009009009,0.046296296296296294,0.02857142857142857,0.05154639175257732,0.13541666666666666,0.1188118811881188,0.05714285714285714,0.05434782608695652,0.03260869565217391,0.056818181818181816,83.0,84.0,104.0,94.0,95.0,94.0,105.0,102.0,110.0,103.0,102.0,92.0,83.0,89.0,99,87.0,98.0,83.0,3533.0,3601.0,3271.0,3799.0,3817.0,3750.0,3841.0,3538.0,3617.0,3385.0,3381.0,3341.0,3244.0,3208.0,3246.0,3029.0,3022.0,2871.0
34,92.0,97.0,104.0,101.0,97.0,98.0,109.0,108.0,115.0,113.0,109,96.0,55.0,104.0,107.0,95,94,91,13.0,8.0,6,8.0,5.0,9.0,4.0,5.0,5.0,6.0,7.0,4.0,4.0,3.0,3.0,3,2.0,1.0,0.14130434782608695,0.08247422680412371,0.057692307692307696,0.07920792079207921,0.05154639175257732,0.09183673469387756,0.03669724770642202,0.046296296296296294,0.043478260869565216,0.05309734513274336,0.06422018348623854,0.041666666666666664,0.07272727272727272,0.028846153846153848,0.028037383177570093,0.031578947368421054,0.021052631578947368,0.01098901098901099,79.0,89.0,98.0,93.0,92.0,89.0,105.0,103.0,110.0,107.0,102.0,92.0,51.0,101.0,104,92.0,92.0,90.0,3612.0,3690.0,3369.0,3892.0,3909.0,3839.0,3946.0,3641.0,3727.0,3492.0,3483.0,3433.0,3295.0,3309.0,3350.0,3121.0,3114.0,2961.0
35,95.0,55.0,104.0,98.0,98.0,97.0,107.0,110.0,110.0,108.0,103,92.0,34.0,101.0,107.0,78,98,95,18.0,9.0,6,12.0,4.0,7.0,10.0,6.0,4.0,3.0,10.0,3.0,4.0,11.0,6.0,13,5.0,5.0,0.18947368421052632,0.16363636363636364,0.057692307692307696,0.12244897959183673,0.04081632653061224,0.07216494845360824,0.09345794392523364,0.05454545454545454,0.03636363636363636,0.027777777777777776,0.0970873786407767,0.03260869565217391,0.11764705882352941,0.10891089108910891,0.056074766355140186,0.16666666666666666,0.0641025641025641,0.05263157894736842,77.0,46.0,98.0,86.0,94.0,90.0,97.0,104.0,106.0,105.0,93.0,89.0,30.0,90.0,101,65.0,93.0,90.0,3689.0,3736.0,3467.0,3978.0,4003.0,3929.0,4043.0,3745.0,3833.0,3597.0,3576.0,3522.0,3325.0,3399.0,3451.0,3186.0,3207.0,3051.0
36,60.0,21.0,97.0,98.0,92.0,90.0,107.0,97.0,108.0,109.0,103,100.0,59.0,103.0,106.0,90,95,101,9.0,5.0,13,7.0,10.0,7.0,6.0,5.0,6.0,4.0,4.0,10.0,3.0,2.0,3.0,4,4.0,7.0,0.15,0.23809523809523808,0.13402061855670103,0.07142857142857142,0.10869565217391304,0.07777777777777778,0.056074766355140186,0.05154639175257732,0.05555555555555555,0.03669724770642202,0.038834951456310676,0.1,0.05084745762711865,0.019417475728155338,0.02830188679245283,0.044444444444444446,0.044444444444444446,0.06930693069306931,51.0,16.0,84.0,91.0,82.0,83.0,101.0,92.0,102.0,105.0,99.0,90.0,56.0,101.0,103,86.0,91.0,94.0,3740.0,3752.0,3551.0,4069.0,4085.0,4012.0,4144.0,3837.0,3935.0,3702.0,3675.0,3612.0,3381.0,3500.0,3554.0,3272.0,3298.0,3145.0
37,36.0,17.0,104.0,70.0,99.0,22.0,69.0,96.0,109.0,109.0,105,97.0,18.0,104.0,106.0,81,97,97,7.0,4.0,15,2.0,8.0,0.0,7.0,7.0,12.0,3.0,7.0,13.0,1.0,11.0,6.0,5,1.0,1.0,0.19444444444444445,0.23529411764705882,0.14423076923076922,0.02857142857142857,0.08080808080808081,0.0,0.10144927536231885,0.07291666666666667,0.11009174311926606,0.027522935779816515,0.06666666666666667,0.13402061855670103,0.05555555555555555,0.10576923076923077,0.05660377358490566,0.06172839506172839,0.012345679012345678,0.010309278350515464,29.0,13.0,89.0,68.0,91.0,22.0,62.0,89.0,97.0,106.0,98.0,84.0,17.0,93.0,100,76.0,96.0,96.0,3769.0,3765.0,3640.0,4137.0,4176.0,4034.0,4206.0,3926.0,4032.0,3808.0,3773.0,3696.0,3398.0,3593.0,3654.0,3348.0,3394.0,3241.0
38,32.0,36.0,111.0,53.0,73.0,36.0,67.0,96.0,104.0,113.0,103,87.0,10.0,95.0,105.0,68,92,96,6.0,7.0,14,1.0,7.0,5.0,4.0,10.0,11.0,6.0,3.0,9.0,0.0,14.0,5.0,4,7.0,6.0,0.1875,0.19444444444444445,0.12612612612612611,0.018867924528301886,0.0958904109589041,0.1388888888888889,0.05970149253731343,0.10416666666666667,0.10576923076923077,0.05309734513274336,0.02912621359223301,0.10344827586206896,0.0,0.14736842105263157,0.047619047619047616,0.058823529411764705,0.10294117647058823,0.0625,26.0,29.0,97.0,52.0,66.0,31.0,63.0,86.0,93.0,107.0,100.0,78.0,10.0,81.0,100,64.0,85.0,90.0,3795.0,3794.0,3737.0,4189.0,4242.0,4065.0,4269.0,4012.0,4125.0,3915.0,3873.0,3774.0,3408.0,3674.0,3754.0,3412.0,3479.0,3331.0
39,64.0,24.0,65.0,31.0,45.0,41.0,58.0,100.0,62.0,113.0,60,82.0,35.0,89.0,110.0,52,86,99,18.0,9.0,7,6.0,4.0,1.0,8.0,15.0,6.0,6.0,4.0,7.0,3.0,10.0,8.0,10,6.0,7.0,0.28125,0.375,0.1076923076923077,0.1935483870967742,0.08888888888888889,0.024390243902439025,0.13793103448275862,0.15,0.0967741935483871,0.05309734513274336,0.06666666666666667,0.08536585365853659,0.08571428571428572,0.11235955056179775,0.07272727272727272,0.19230769230769232,0.11538461538461539,0.0707070707070707,46.0,15.0,58.0,25.0,41.0,40.0,50.0,85.0,56.0,107.0,56.0,75.0,32.0,79.0,102,42.0,80.0,92.0,3841.0,3809.0,3795.0,4214.0,4283.0,4105.0,4319.0,4097.0,4181.0,4022.0,3929.0,3849.0,3440.0,3753.0,3856.0,3454.0,3559.0,3423.0
40,64.0,19.0,38.0,48.0,48.0,41.0,49.0,46.0,101.0,110.0,77,47.0,24.0,35.0,109.0,64,91,95,36.0,7.0,10,10.0,8.0,5.0,9.0,2.0,14.0,9.0,14.0,15.0,6.0,8.0,9.0,14,11.0,6.0,0.5625,0.3684210526315789,0.2631578947368421,0.20833333333333334,0.16666666666666666,0.12195121951219512,0.1836734693877551,0.043478260869565216,0.13861386138613863,0.08181818181818182,0.18181818181818182,0.3191489361702128,0.25,0.22857142857142856,0.08256880733944955,0.21875,0.171875,0.06315789473684211,28.0,12.0,28.0,38.0,40.0,36.0,40.0,44.0,87.0,101.0,63.0,32.0,18.0,27.0,100,50.0,80.0,89.0,3869.0,3821.0,3823.0,4252.0,4323.0,4141.0,4359.0,4141.0,4268.0,4123.0,3992.0,3881.0,3458.0,3780.0,3956.0,3504.0,3639.0,3512.0
